State,City,Address,Zip,URL,Phone
AL,Birmingham,205 Summit BlvdSuite 100,35243,https://locations.traderjoes.com/al/birmingham/737/,205-969-7801
AL,Huntsville,1100 Mid City Dr NW,35806,https://locations.traderjoes.com/al/huntsville/785/,256-890-7156
AR,Little Rock,11500 Financial Centre Pky,72211,https://locations.traderjoes.com/ar/little-rock/756/,501-954-7659
AZ,Gilbert,1779 E. Williams Field Rd.,85295,https://locations.traderjoes.com/az/gilbert/285/,480-857-9878
AZ,Glendale,7720 West Bell Rd,85308,https://locations.traderjoes.com/az/glendale/85/,623-776-7414
AZ,Mesa,2050 E Baseline Rd,85204,https://locations.traderjoes.com/az/mesa/89/,480-632-0951
AZ,Oro Valley,7912 N Oracle,85704,https://locations.traderjoes.com/az/oro-valley/96/,520-797-4207
AZ,Phoenix,4025 E Chandler Blvd,85048,https://locations.traderjoes.com/az/phoenix/177/,480-759-2295
AZ,Phoenix,4726 East Shea Blvd,85028,https://locations.traderjoes.com/az/phoenix/282/,602-485-7788
AZ,Phoenix,4821 N 20th St,85016,https://locations.traderjoes.com/az/phoenix/90/,602-912-9022
AZ,Prescott,252 N Lee Blvd,86303,https://locations.traderjoes.com/az/prescott/283/,928-443-9075
AZ,Queen Creek,21186 S. Ellsworth Loop Rd,85142,https://locations.traderjoes.com/az/queen-creek/286/,480-877-7213
AZ,Scottsdale,7555 E Frank Lloyd Wright,85260,https://locations.traderjoes.com/az/scottsdale/87/,480-367-8920
AZ,Scottsdale,6202 N Scottsdale Rd,85253,https://locations.traderjoes.com/az/scottsdale/94/,480-948-9886
AZ,Surprise,14095 W Grand Ave,85374,https://locations.traderjoes.com/az/surprise/92/,623-546-1640
AZ,Tempe,940 E. University Drive,85281,https://locations.traderjoes.com/az/tempe/91/,480-303-9974
AZ,Tempe,6460 S McClintock Dr,85283,https://locations.traderjoes.com/az/tempe/93/,480-838-4142
AZ,Tucson,1101 N Wilmot Rd,85712,https://locations.traderjoes.com/az/tucson/95/,520-733-1313
AZ,Tucson,4209 N Campbell Ave,85719,https://locations.traderjoes.com/az/tucson/191/,520-325-0069
AZ,Tucson,4766 E Grant Rd,85712,https://locations.traderjoes.com/az/tucson/88/,520-323-4500
CA,Agoura Hills,28941 Canwood St,91301,https://locations.traderjoes.com/ca/agoura-hills/247/,818-865-8217
CA,Alameda,2217 South Shore Center,94501,https://locations.traderjoes.com/ca/alameda/109/,510-769-5450
CA,Aliso Viejo,26541 Aliso Creek Rd,92656,https://locations.traderjoes.com/ca/aliso-viejo/195/,949-643-5531
CA,Arroyo Grande,955 Rancho Pkwy,93420,https://locations.traderjoes.com/ca/arroyo-grande/117/,805-474-6114
CA,Bakersfield,8200 Stockdale Hwy,93311,https://locations.traderjoes.com/ca/bakersfield/14/,661-837-8863
CA,Berkeley,1885 University Ave,94703,https://locations.traderjoes.com/ca/berkeley/186/,510-204-9074
CA,Brea,2500 E Imperial Hwy,92821,https://locations.traderjoes.com/ca/brea/11/,714-257-1180
CA,Brentwood,5451 Lone Tree Way,94513,https://locations.traderjoes.com/ca/brentwood/201/,925-516-3044
CA,Burbank,214 E Alameda Ave,91502,https://locations.traderjoes.com/ca/burbank/124/,818-848-4299
CA,Calabasas,23741 Calabasas Rd.,91302,https://locations.traderjoes.com/ca/calabasas/254/,818-591-6758
CA,Camarillo,363 Carmen Dr,93010,https://locations.traderjoes.com/ca/camarillo/114/,805-388-1925
CA,Campbell,1875 Bascom Ave,95008,https://locations.traderjoes.com/ca/campbell/73/,408-369-7823
CA,Capitola,3555 Clares St #D,95010,https://locations.traderjoes.com/ca/capitola/64/,831-464-0115
CA,Carlsbad,2629 Gateway Rd,92009,https://locations.traderjoes.com/ca/carlsbad/220/,760-603-8473
CA,Castro Valley,22224 Redwood Road,94546,https://locations.traderjoes.com/ca/castro-valley/84/,510-538-2738
CA,Cathedral City,67720 E Palm Canyon Dr,92234,https://locations.traderjoes.com/ca/cathedral-city/118/,760-202-0090
CA,Cerritos,12861 Towne Center Dr,90703,https://locations.traderjoes.com/ca/cerritos/104/,562-402-5148
CA,Chatsworth,10330 Mason Ave,91311,https://locations.traderjoes.com/ca/chatsworth/184/,818-341-3010
CA,Chico,801 East Ave,95926,https://locations.traderjoes.com/ca/chico/199/,530-343-9920
CA,Chino Hills,13911 Peyton Drive,91709,https://locations.traderjoes.com/ca/chino-hills/216/,909-627-1404
CA,Chula Vista,878 Eastlake Pkwy,91914,https://locations.traderjoes.com/ca/chula-vista/120/,619-656-5370
CA,Claremont,475 W Foothill Blvd,91711,https://locations.traderjoes.com/ca/claremont/214/,909-625-8784
CA,Clovis,1077 N Willow Ave,93611,https://locations.traderjoes.com/ca/clovis/180/,559-325-3120
CA,Concord,1150 Concord Ave,94520,https://locations.traderjoes.com/ca/concord/60/,925-689-2990
CA,Concord,785 Oak Grove Rd,94518,https://locations.traderjoes.com/ca/concord/83/,925-521-1134
CA,Corona,2790 Cabot Dr,92883,https://locations.traderjoes.com/ca/corona/213/,951-603-0299
CA,Costa Mesa,640 W 17th St,92627,https://locations.traderjoes.com/ca/costa-mesa/35/,949-642-5134
CA,Culver City,6150 Slauson Ave,90230,https://locations.traderjoes.com/ca/culver-city/251/,310-313-0441
CA,Culver City,9290 Culver Blvd,90232,https://locations.traderjoes.com/ca/culver-city/36/,310-202-1108
CA,Cypress,5245 Katella Ave.,90720,https://locations.traderjoes.com/ca/cypress/242/,714-220-4930
CA,Daly City,417 Westlake Center,94015,https://locations.traderjoes.com/ca/daly-city/74/,650-755-3825
CA,Danville,85 Railroad Ave,94526,https://locations.traderjoes.com/ca/danville/65/,925-838-5757
CA,Davis,885 Russell Blvd,95616,https://locations.traderjoes.com/ca/davis/182/,530-757-2693
CA,Eagle Rock,1566 Colorado Blvd,90041,https://locations.traderjoes.com/ca/eagle-rock/55/,323-257-6422
CA,El Cerrito,225 El Cerrito Plaza,94530,https://locations.traderjoes.com/ca/el-cerrito/108/,510-524-7609
CA,Elk Grove,9670 Bruceville Road,95757,https://locations.traderjoes.com/ca/elk-grove/190/,916-686-9980
CA,Emeryville,5700 Christie Ave,94608,https://locations.traderjoes.com/ca/emeryville/72/,510-658-8091
CA,Encinitas,115 N El Camino Real,92024,https://locations.traderjoes.com/ca/encinitas/25/,760-634-2114
CA,Encino,17640 Burbank Blvd,91316,https://locations.traderjoes.com/ca/encino/56/,818-990-7751
CA,Escondido,1885 S Centre City Pkwy,92025,https://locations.traderjoes.com/ca/escondido/105/,760-233-4020
CA,Fairfield,1350 Gateway Blvd,94533,https://locations.traderjoes.com/ca/fairfield/101/,707-434-0144
CA,Fair Oaks,5309 Sunrise Blvd,95628,https://locations.traderjoes.com/ca/fair-oaks/71/,916-863-1744
CA,Folsom,850 East Bidwell,95630,https://locations.traderjoes.com/ca/folsom/172/,916-817-8820
CA,Fremont,39324 Argonaut Way,94538,https://locations.traderjoes.com/ca/fremont/77/,510-794-1386
CA,Fresno,8478 N. Friant Road,93720,https://locations.traderjoes.com/ca/fresno/8/,559-433-6478
CA,Glendale,103 E Glenoaks Blvd,91207,https://locations.traderjoes.com/ca/glendale/53/,818-507-8192
CA,Goleta,5767 Calle Real,93117,https://locations.traderjoes.com/ca/goleta/110/,805-692-2234
CA,Granada Hills,11114 Balboa Blvd,91344,https://locations.traderjoes.com/ca/granada-hills/44/,818-368-6461
CA,Greenbrae,2052 Redwood Hwy,94904,https://locations.traderjoes.com/ca/greenbrae/235/,415-945-7955
CA,Hermosa Beach,1100 Pacific Coast Hwy,90254,https://locations.traderjoes.com/ca/hermosa-beach/248/,310-318-1767
CA,Huntington Beach,18681 Main St,92648,https://locations.traderjoes.com/ca/huntington-beach/47/,714-848-9640
CA,Huntington Beach,21431 Brookhurst St,92646,https://locations.traderjoes.com/ca/huntington-beach/241/,714-968-4070
CA,Huntington Beach,16821 Algonquin St,92649,https://locations.traderjoes.com/ca/huntington-beach/244/,714-846-7307
CA,Irvine,4225 Campus Dr,92612,https://locations.traderjoes.com/ca/irvine/111/,949-509-6138
CA,Irvine,14443 Culver Dr,92604,https://locations.traderjoes.com/ca/irvine/37/,949-857-8108
CA,Irvine,6222 Irvine Blvd,92620,https://locations.traderjoes.com/ca/irvine/210/,949-551-6402
CA,La Canada,475 Foothill Blvd,91011,https://locations.traderjoes.com/ca/la-canada/42/,818-790-6373
CA,Lafayette,3649 Mt Diablo Blvd,94549,https://locations.traderjoes.com/ca/lafayette/115/,925-299-9344
CA,Laguna Hills,24231 Avenida De La Carlota,92653,https://locations.traderjoes.com/ca/laguna-hills/39/,949-461-0927
CA,Laguna Niguel,32351 Street of the Golden Lantern,92677,https://locations.traderjoes.com/ca/laguna-niguel/103/,949-493-8599
CA,La Habra,2101 W. Imperial HwySuite A,90631,https://locations.traderjoes.com/ca/la-habra/5/,562-266-1428
CA,La Jolla,8657 Villa la Jolla Dr,92037,https://locations.traderjoes.com/ca/la-jolla/20/,858-546-8629
CA,La Mesa,5495 Grossmont Center Dr,91942,https://locations.traderjoes.com/ca/la-mesa/24/,619-466-0105
CA,La Quinta,46400 Washington St,92253,https://locations.traderjoes.com/ca/la-quinta/189/,760-777-1553
CA,Livermore,1122 A East Stanley Blvd,94550,https://locations.traderjoes.com/ca/livermore/208/,925-243-1947
CA,Long Beach,2222 North Bellflower Blvd,90815,https://locations.traderjoes.com/ca/long-beach/194/,562-596-2514
CA,Long Beach,4210 Long Beach Blvd,90807,https://locations.traderjoes.com/ca/long-beach/116/,562-422-1020
CA,Long Beach,6451 E Pacific Coast  Hwy,90803,https://locations.traderjoes.com/ca/long-beach/43/,562-596-4388
CA,Los Altos,2310 Homestead Rd,94024,https://locations.traderjoes.com/ca/los-altos/127/,408-245-1917
CA,Los Angeles,1600 N Vine St,90028,https://locations.traderjoes.com/ca/los-angeles/206/,323-856-0689
CA,Los Angeles,263 S La Brea Ave,90036,https://locations.traderjoes.com/ca/los-angeles/31/,323-965-1989
CA,Los Angeles,175 South Fairfax Ave,90036,https://locations.traderjoes.com/ca/los-angeles/240/,323-931-4012
CA,Los Angeles,8500 Burton Way,90048,https://locations.traderjoes.com/ca/los-angeles/237/,310-248-2984
CA,Los Angeles,11755 Olympic Blvd,90064,https://locations.traderjoes.com/ca/los-angeles/215/,310-477-5949
CA,Los Angeles,2738 Hyperion Ave,90027,https://locations.traderjoes.com/ca/los-angeles/17/,323-665-6774
CA,Los Angeles,8000 W Sunset Blvd,90046,https://locations.traderjoes.com/ca/los-angeles/192/,323-822-7663
CA,Los Angeles,3131 S Hoover Street,90089,https://locations.traderjoes.com/ca/los-angeles/250/,213-749-1497
CA,Los Angeles,10850 National Blvd,90064,https://locations.traderjoes.com/ca/los-angeles/7/,310-470-1917
CA,Los Angeles,3456 S Sepulveda Blvd,90034,https://locations.traderjoes.com/ca/los-angeles/119/,310-836-2458
CA,Los Angeles,1000 Glendon Ave,90024,https://locations.traderjoes.com/ca/los-angeles/234/,310-824-1495
CA,Los Gatos,15466 Los Gatos Blvd,95032,https://locations.traderjoes.com/ca/los-gatos/181/,408-356-2324
CA,Manhattan Beach,1821 Manhattan Beach Blvd,90266,https://locations.traderjoes.com/ca/manhattan-beach/34/,310-372-1274
CA,Manhattan Beach,1800 Rosecrans Blvd,90266,https://locations.traderjoes.com/ca/manhattan-beach/106/,310-725-9800
CA,Marina Del Rey,4675 Admiralty Way,90292,https://locations.traderjoes.com/ca/marina-del-rey/205/,310-301-4461
CA,Menlo Park,720 Menlo Ave,94025,https://locations.traderjoes.com/ca/menlo-park/69/,650-323-2134
CA,Millbrae,765 Broadway,94030,https://locations.traderjoes.com/ca/millbrae/170/,650-259-9142
CA,Milpitas,1306 Great Mall Pkwy,95035,https://locations.traderjoes.com/ca/milpitas/229/,408-942-6957
CA,Mission Viejo,25410 Marguerite Pkwy,92692,https://locations.traderjoes.com/ca/mission-viejo/126/,949-581-5638
CA,Modesto,3250 Dale Road,95356,https://locations.traderjoes.com/ca/modesto/9/,209-491-0445
CA,Monrovia,604 W Huntington Dr,91016,https://locations.traderjoes.com/ca/monrovia/112/,626-358-8884
CA,Monterey,570 Munras Ave,93940,https://locations.traderjoes.com/ca/monterey/204/,831-372-2010
CA,Montrose,2462 Honolulu Ave,91020,https://locations.traderjoes.com/ca/montrose/52/,818-957-3613
CA,Morgan Hill,17035 Laurel Rd,95037,https://locations.traderjoes.com/ca/morgan-hill/202/,408-778-6409
CA,Mountain View,590 Showers Dr,94040,https://locations.traderjoes.com/ca/mountain-view/81/,650-917-1013
CA,Napa,3654 Bel Aire Plaza,94558,https://locations.traderjoes.com/ca/napa/128/,707-256-0806
CA,Newport Beach,8086 E Pacific Coast Hwy,92657,https://locations.traderjoes.com/ca/newport-beach/125/,949-494-7404
CA,North Hollywood,6130 Laurel Canyon Bl,91606,https://locations.traderjoes.com/ca/north-hollywood/252/,818-762-2963
CA,Novato,7514 Redwood Blvd,94945,https://locations.traderjoes.com/ca/novato/198/,415-898-9359
CA,Oakland,3250 Lakeshore Ave,94610,https://locations.traderjoes.com/ca/oakland/203/,510-238-9076
CA,Oakland,5727 College Ave,94618,https://locations.traderjoes.com/ca/oakland/231/,510-923-9428
CA,Oceanside,2570 Vista Way,92054,https://locations.traderjoes.com/ca/oceanside/22/,760-433-9994
CA,Orange,2114 N Tustin St,92865,https://locations.traderjoes.com/ca/orange/46/,714-283-5697
CA,Pacific Grove,1170 Forest Ave,93950,https://locations.traderjoes.com/ca/pacific-grove/79/,831-656-0180
CA,Palmdale,39507 10th St W,93551,https://locations.traderjoes.com/ca/palmdale/185/,661-947-2890
CA,Palm Desert,44250 Town Center Way,92260,https://locations.traderjoes.com/ca/palm-desert/3/,760-340-2291
CA,Palo Alto,855 El Camino Real,94301,https://locations.traderjoes.com/ca/palo-alto/207/,650-327-7018
CA,Pasadena,467 N Rosemead Blvd,91107,https://locations.traderjoes.com/ca/pasadena/171/,626-351-3399
CA,Pasadena,610 S Arroyo Pkwy,91105,https://locations.traderjoes.com/ca/pasadena/51/,626-568-9254
CA,Pasadena,3035 E Huntington Dr,91107,https://locations.traderjoes.com/ca/pasadena/32/,626-356-2963
CA,Pasadena,345 S Lake Ave,91101,https://locations.traderjoes.com/ca/pasadena/179/,626-395-9553
CA,Petaluma,169 N McDowell Blvd,94954,https://locations.traderjoes.com/ca/petaluma/107/,707-769-2782
CA,Pinole,2742 Pinole Valley Rd,94564,https://locations.traderjoes.com/ca/pinole/230/,510-222-3501
CA,Pleasanton,3903 Santa Rita Road,94588,https://locations.traderjoes.com/ca/pleasanton/66/,925-468-0763
CA,Rancho Cucamonga,6401 Haven Ave,91737,https://locations.traderjoes.com/ca/rancho-cucamonga/217/,909-476-1410
CA,Rancho Palos Verdes,31176 Hawthorne Blvd,90275,https://locations.traderjoes.com/ca/rancho-palos-verdes/233/,310-544-1727
CA,Rancho Palos Verdes,28901 S Western Ave,90275,https://locations.traderjoes.com/ca/rancho-palos-verdes/57/,310-832-1241
CA,Rancho Santa Margarita,30652 Santa Margarita Pkwy,92688,https://locations.traderjoes.com/ca/rancho-santa-margarita/27/,949-888-3640
CA,Redding,845 Browning St,96003,https://locations.traderjoes.com/ca/redding/219/,530-223-4875
CA,Redlands,552 Orange St,92374,https://locations.traderjoes.com/ca/redlands/99/,909-798-3888
CA,Redondo Bch.,1761 S Elena Ave,90277,https://locations.traderjoes.com/ca/redondo-bch./38/,310-316-1745
CA,Riverside,6225 Riverside Plaza,92506,https://locations.traderjoes.com/ca/riverside/15/,951-781-2378
CA,Rocklin,5116 Commons Dr. #103,95677,https://locations.traderjoes.com/ca/rocklin/228/,916-660-9820
CA,Roseville,1117 Roseville Square,95678,https://locations.traderjoes.com/ca/roseville/80/,916-784-9084
CA,Sacramento,5000 Folsom Blvd,95819,https://locations.traderjoes.com/ca/sacramento/175/,916-456-1853
CA,Sacramento,2625 Marconi Ave,95821,https://locations.traderjoes.com/ca/sacramento/70/,916-481-8797
CA,San Carlos,1482 El Camino Real,94070,https://locations.traderjoes.com/ca/san-carlos/174/,650-594-2138
CA,San Clemente,638 Camino de Los Mares,92673,https://locations.traderjoes.com/ca/san-clemente/16/,949-240-9996
CA,San Diego,13480 Highlands Place,92130,https://locations.traderjoes.com/ca/san-diego/223/,858-755-7130
CA,San Diego,1072 Camino Del Rio North,92108,https://locations.traderjoes.com/ca/san-diego/222/,619-297-0749
CA,San Diego,11955 Carmel Mountain Rd,92128,https://locations.traderjoes.com/ca/san-diego/23/,858-673-0526
CA,San Diego,1090 University Avenue,92103,https://locations.traderjoes.com/ca/san-diego/26/,619-296-3122
CA,San Diego,1640 Garnet Ave,92109,https://locations.traderjoes.com/ca/san-diego/21/,858-581-9101
CA,San Diego,2401 Truxtun Rd,92106,https://locations.traderjoes.com/ca/san-diego/188/,619-758-9272
CA,San Diego,5140 College Ave,92115,https://locations.traderjoes.com/ca/san-diego/224/,619-229-9092
CA,San Diego,9850 Hibert St,92131,https://locations.traderjoes.com/ca/san-diego/221/,858-549-9185
CA,San Dimas,856 W Arrow Hwy,91773,https://locations.traderjoes.com/ca/san-dimas/28/,909-305-4757
CA,San Francisco,3 Masonic Ave,94118,https://locations.traderjoes.com/ca/san-francisco/100/,415-346-9964
CA,San Francisco,555 9th St,94103,https://locations.traderjoes.com/ca/san-francisco/78/,415-863-1292
CA,San Francisco,1095 Hyde St,94109,https://locations.traderjoes.com/ca/san-francisco/200/,415-292-7665
CA,San Francisco,401 Bay St,94133,https://locations.traderjoes.com/ca/san-francisco/19/,415-351-1013
CA,San Francisco,10 4th Street,94103,https://locations.traderjoes.com/ca/san-francisco/225/,415-536-7801
CA,San Francisco,265 Winston Dr,94132,https://locations.traderjoes.com/ca/san-francisco/236/,415-665-1835
CA,San Jose,7250 Bollinger Rd,95129,https://locations.traderjoes.com/ca/san-jose/232/,408-873-7384
CA,San Jose,635 Coleman Ave,95110,https://locations.traderjoes.com/ca/san-jose/212/,408-298-9731
CA,San Jose,5353 Almaden Expressway #J-38,95118,https://locations.traderjoes.com/ca/san-jose/63/,408-264-8120
CA,San Jose,5269 Prospect,95129,https://locations.traderjoes.com/ca/san-jose/62/,408-446-5055
CA,San Juan Capistrano,32151 Camino Capistrano,92675,https://locations.traderjoes.com/ca/san-juan-capistrano/249/,949-496-4150
CA,San Luis Obispo,3977 Higuera Street,93401,https://locations.traderjoes.com/ca/san-luis-obispo/41/,805-783-2780
CA,San Mateo,1820-22 S Grant Street,94402,https://locations.traderjoes.com/ca/san-mateo/67/,650-570-6140
CA,San Mateo,45 W Hillsdale Blvd,94403,https://locations.traderjoes.com/ca/san-mateo/245/,650-286-1509
CA,San Rafael,337 3rd St,94901,https://locations.traderjoes.com/ca/san-rafael/61/,415-454-9530
CA,San Ramon,300 Market Place,94583,https://locations.traderjoes.com/ca/san-ramon/246/,925-275-8140
CA,Santa Ana,3329 S Bristol St,92704,https://locations.traderjoes.com/ca/santa-ana/113/,714-424-9304
CA,Santa Barbara,3025 De La Vina St,93105,https://locations.traderjoes.com/ca/santa-barbara/183/,805-563-7383
CA,Santa Barbara,222 North Milpas Street,93103,https://locations.traderjoes.com/ca/santa-barbara/59/,805-560-1182
CA,Santa Clarita,26517 Bouquet Canyon Rd,91350,https://locations.traderjoes.com/ca/santa-clarita/13/,661-263-3796
CA,Santa Cruz,700 Front St,95060,https://locations.traderjoes.com/ca/santa-cruz/193/,831-425-0140
CA,Santa Maria,1303 S Bradley Rd,93454,https://locations.traderjoes.com/ca/santa-maria/239/,805-925-1657
CA,Santa Monica,500 Broadway,90401,https://locations.traderjoes.com/ca/santa-monica/256/,310-912-6877
CA,Santa Monica,3212 Pico Blvd,90405,https://locations.traderjoes.com/ca/santa-monica/6/,310-581-0253
CA,Santa Monica,2300 Wilshire Blvd #101,90403,https://locations.traderjoes.com/ca/santa-monica/253/,310-264-2223
CA,Santa Rosa,2100 Santa Rosa Ave,95407,https://locations.traderjoes.com/ca/santa-rosa/178/,707-535-0788
CA,Santa Rosa,3225 Cleveland Ave,95403,https://locations.traderjoes.com/ca/santa-rosa/75/,707-525-1406
CA,Sherman Oaks,14119 Riverside Dr,91423,https://locations.traderjoes.com/ca/sherman-oaks/49/,818-789-2771
CA,Simi Valley,2975-A Cochran St,93065,https://locations.traderjoes.com/ca/simi-valley/30/,805-520-3135
CA,South San Francisco,301 MC Lellan Dr,94080,https://locations.traderjoes.com/ca/south-san-francisco/187/,650-583-6401
CA,S. Pasadena,613 Mission St,91030,https://locations.traderjoes.com/ca/s.-pasadena/18/,626-441-6263
CA,Stockton,6535 Pacific Ave,95207,https://locations.traderjoes.com/ca/stockton/76/,209-951-7597
CA,Studio City,11976 Ventura Blvd,91604,https://locations.traderjoes.com/ca/studio-city/122/,818-509-0168
CA,Sunnyvale,316 West El Camino Real,94087,https://locations.traderjoes.com/ca/sunnyvale/68/,408-736-7573
CA,Temecula,40665 Winchester Rd,92591,https://locations.traderjoes.com/ca/temecula/102/,951-296-9964
CA,Templeton,1111 Rossi Road,93465,https://locations.traderjoes.com/ca/templeton/211/,805-434-9562
CA,Thousand Oaks,125 N Reino Road,91320,https://locations.traderjoes.com/ca/thousand-oaks/243/,805-375-1984
CA,Thousand Oaks,451 Avenida De Los Arboles,91360,https://locations.traderjoes.com/ca/thousand-oaks/196/,805-492-7107
CA,Toluca Lake,10130 Riverside Dr,91602,https://locations.traderjoes.com/ca/toluca-lake/54/,818-762-2787
CA,Torrance,19720 Hawthorne Blvd,90503,https://locations.traderjoes.com/ca/torrance/121/,310-793-8585
CA,Torrance,2545 Pacific Coast Hwy,90505,https://locations.traderjoes.com/ca/torrance/29/,310-326-9520
CA,Tustin,1198 Irvine Blvd.,92780,https://locations.traderjoes.com/ca/tustin/197/,714-505-3289
CA,Ventura,1795 S. Victoria Ave,93003,https://locations.traderjoes.com/ca/ventura/45/,805-650-9977
CA,Ventura,103 S Mills Rd,93003,https://locations.traderjoes.com/ca/ventura/218/,805-658-2664
CA,Walnut Creek,1372 S California Blvd,94596,https://locations.traderjoes.com/ca/walnut-creek/123/,925-945-1674
CA,Westchester,8645 S Sepulveda,90045,https://locations.traderjoes.com/ca/westchester/33/,310-338-9238
CA,West Hills,6751 Fallbrook Ave,91307,https://locations.traderjoes.com/ca/west-hills/50/,818-347-2591
CA,West Hollywood,8611 Santa Monica Blvd,90069,https://locations.traderjoes.com/ca/west-hollywood/173/,310-657-0152
CA,West Hollywood,7310 Santa Monica Blvd,90046,https://locations.traderjoes.com/ca/west-hollywood/40/,323-969-8048
CA,Westlake Village,3835 E Thousand Oaks Blvd,91362,https://locations.traderjoes.com/ca/westlake-village/58/,805-494-5040
CA,Whittier,15025 E Whittier Blvd,90603,https://locations.traderjoes.com/ca/whittier/48/,562-698-1642
CA,Woodland Hills,21055 Ventura Blvd,91364,https://locations.traderjoes.com/ca/woodland-hills/209/,818-712-9475
CA,Yorba Linda,19655 Yorba Linda Blvd,92886,https://locations.traderjoes.com/ca/yorba-linda/176/,714-970-0116
CO,Boulder,1906 28th St,80301,https://locations.traderjoes.com/co/boulder/301/,303-443-0160
CO,Colorado Springs,5342 N Nevada Ave,80918,https://locations.traderjoes.com/co/colorado-springs/305/,719-264-0123
CO,Colorado Springs,5338 N Nevada Avenue,80918,https://locations.traderjoes.com/co/colorado-springs/315/,719-266-6838
CO,Denver,661 Logan Street,80203,https://locations.traderjoes.com/co/denver/302/,303-318-7112
CO,Denver,750 N Colorado Blvd,80206,https://locations.traderjoes.com/co/denver/300/,303-321-1003
CO,Denver,790 N Colorado Blvd,80206,https://locations.traderjoes.com/co/denver/310/,303-321-3245
CO,Fort Collins,3500 S College AveSte 110,80525,https://locations.traderjoes.com/co/fort-collins/304/,970-223-3560
CO,Greenwood Village,5910 S University BlvdSuite E1,80121,https://locations.traderjoes.com/co/greenwood-village/303/,303-730-3848
CO,Littleton,8055 West Bowles Ave,80123,https://locations.traderjoes.com/co/littleton/306/,720-981-4563
CO,Parker,18374 Cottonwood Drive #150,80138,https://locations.traderjoes.com/co/parker/309/,720-851-0549
CT,Danbury,113 Mill Plain Rd,06811,https://locations.traderjoes.com/ct/danbury/525/,203-739-0098
CT,Darien,436 Boston Post Rd,06820,https://locations.traderjoes.com/ct/darien/522/,203-656-1414
CT,Fairfield,2258 Black Rock Turnpike,06825,https://locations.traderjoes.com/ct/fairfield/523/,203-330-8301
CT,Glastonbury,400 Hebron Ave,06033,https://locations.traderjoes.com/ct/glastonbury/586/,860-633-9270
CT,Manchester,1510 Pleasant Valley Road,06042,https://locations.traderjoes.com/ct/manchester/563/,860-644-3182
CT,Orange,560 Boston Post Rd,06477,https://locations.traderjoes.com/ct/orange/524/,203-795-5505
CT,Stamford,1041 High Ridge Rd,06905,https://locations.traderjoes.com/ct/stamford/529/,203-321-8440
CT,West Hartford,1489 New Britain Ave,06110,https://locations.traderjoes.com/ct/west-hartford/526/,860-561-4771
CT,Westport,400 Post Road E,06880,https://locations.traderjoes.com/ct/westport/521/,203-226-8966
DC,Washington,2101 Wisconsin Ave NW Suite A,20007,https://locations.traderjoes.com/dc/washington/620/,202-944-8403
DC,Washington,1914 14th St NW,20009,https://locations.traderjoes.com/dc/washington/662/,202-986-1591
DC,Washington,1101 25th Street NW,20037,https://locations.traderjoes.com/dc/washington/653/,202-296-1921
DC,Washington,750 Pennsylvania Ave SE,20003,https://locations.traderjoes.com/dc/washington/622/,202-698-0190
DC,Washington,350 Florida Ave. NE,20002,https://locations.traderjoes.com/dc/washington/621/,202-608-1023
DE,Newark,2500 Fashion Center Blvd.,19702,https://locations.traderjoes.com/de/newark/759/,302-292-6825
DE,Wilmington,5605 Concord Pike,19803,https://locations.traderjoes.com/de/wilmington/636/,302-478-8494
FL,Boca Raton,855 S Federal Hwy,33432,https://locations.traderjoes.com/fl/boca-raton/773/,561-338-5031
FL,Bradenton,8111 Cooper Creek Blvd,34201,https://locations.traderjoes.com/fl/bradenton/780/,941-355-2394
FL,Coral Gables,211 S. Dixie Highway,33133,https://locations.traderjoes.com/fl/coral-gables/781/,305-442-5402
FL,Coral Springs,2796 N. University Drive,33065,https://locations.traderjoes.com/fl/coral-springs/782/,954-227-3407
FL,Davie,2296 S University Dr,33324,https://locations.traderjoes.com/fl/davie/778/,954-512-2968
FL,Delray Beach,1851 S Federal Highway #500,33483,https://locations.traderjoes.com/fl/delray-beach/771/,561-278-1493
FL,Fort Lauderdale,1560 N Federal Hwy,33304,https://locations.traderjoes.com/fl/fort-lauderdale/776/,954-537-3585
FL,Fort Myers,4983 S. Cleveland Avenue,33907,https://locations.traderjoes.com/fl/fort-myers/784/,239-275-1712
FL,Gainesville,3724 SW Archer Rd,32608,https://locations.traderjoes.com/fl/gainesville/764/,352-378-9321
FL,Jacksonville,11112 San Jose Blvd,32223,https://locations.traderjoes.com/fl/jacksonville/769/,904-880-0582
FL,Jacksonville Beach,4180 S 3rd St,32250,https://locations.traderjoes.com/fl/jacksonville-beach/760/,904-241-1770
FL,Miami,3191 NE 1st Ave,33137,https://locations.traderjoes.com/fl/miami/794/,786-422-0606
FL,Miami,9205 S Dixie Hwy,33156,https://locations.traderjoes.com/fl/miami/770/,305-661-1432
FL,Miami Beach,1683 West Ave,33139,https://locations.traderjoes.com/fl/miami-beach/779/,305-534-4951
FL,Naples,10600 Tamiami Trail N,34108,https://locations.traderjoes.com/fl/naples/762/,239-596-5631
FL,Orlando,8323 Sand Lake Rd,32819,https://locations.traderjoes.com/fl/orlando/768/,407-345-0611
FL,Palm Beach Gardens,2560 PGA Blvd,33410,https://locations.traderjoes.com/fl/palm-beach-gardens/772/,561-514-6455
FL,Pembroke Pines,11960 Pines Blvd,33026,https://locations.traderjoes.com/fl/pembroke-pines/775/,954-432-0405
FL,Sarasota,4101 S Tamiami Trail,34231,https://locations.traderjoes.com/fl/sarasota/761/,941-922-5727
FL,St. Petersburg,2742 4th St N,33704,https://locations.traderjoes.com/fl/st.-petersburg/767/,727-824-0907
FL,Tallahassee,3425 Thomasville Rd,32309,https://locations.traderjoes.com/fl/tallahassee/763/,850-894-2538
FL,Tampa,3808 W Swann Ave,33609,https://locations.traderjoes.com/fl/tampa/766/,813-872-6846
FL,Wellington,2877 South State Rd 7,33414,https://locations.traderjoes.com/fl/wellington/774/,561-656-1067
FL,Winter Park,131 Orlando Ave.,32789,https://locations.traderjoes.com/fl/winter-park/765/,407-622-0874
GA,Athens,1850 Epps Bridge Pkwy,30606,https://locations.traderjoes.com/ga/athens/736/,706-583-8934
GA,Atlanta,931 Monroe Dr,30308,https://locations.traderjoes.com/ga/atlanta/730/,404-815-9210
GA,Atlanta,3183 Peachtree Rd,30305,https://locations.traderjoes.com/ga/atlanta/735/,404-842-0907
GA,Marietta,4250 Roswell Road,30062,https://locations.traderjoes.com/ga/marietta/732/,678-560-3585
GA,Norcross,5185 Peachtree Pkwy,30092,https://locations.traderjoes.com/ga/norcross/734/,678-966-9236
GA,Roswell,635 W Crossville Rd,30075,https://locations.traderjoes.com/ga/roswell/733/,770-645-8505
GA,Sandy Springs,6277 Roswell Road NE,30328,https://locations.traderjoes.com/ga/sandy-springs/731/,404-236-2414
IA,Coralville,920 Ponseti Way,52241,https://locations.traderjoes.com/ia/coralville/728/,319-351-7223
IA,West Des Moines,6305 Mills Civic Pkwy,50266,https://locations.traderjoes.com/ia/west-des-moines/721/,515-225-3820
ID,Boise,300 S Capitol Blvd,83702,https://locations.traderjoes.com/id/boise/360/,208-336-7282
ID,Meridian,2986 N. Eagle RD.,83646,https://locations.traderjoes.com/id/meridian/361/,208-506-2978
IL,Algonquin,1800 S Randall Rd,60102,https://locations.traderjoes.com/il/algonquin/699/,847-854-4886
IL,Arlington Heights,17 W Rand Rd,60004,https://locations.traderjoes.com/il/arlington-heights/687/,847-506-0752
IL,Batavia,1942 W Fabyan Pkwy,60510,https://locations.traderjoes.com/il/batavia/689/,630-879-3234
IL,Chicago,3745 N Lincoln Ave,60613,https://locations.traderjoes.com/il/chicago/688/,773-248-4920
IL,Chicago,667 W Diversey Pkwy,60614,https://locations.traderjoes.com/il/chicago/703/,773-935-7255
IL,Chicago,1840 N Clybourn Ave,60614,https://locations.traderjoes.com/il/chicago/691/,312-274-9733
IL,Chicago,44 E Ontario St,60611,https://locations.traderjoes.com/il/chicago/696/,312-951-6369
IL,Chicago,1147 S Wabash Ave,60605,https://locations.traderjoes.com/il/chicago/701/,312-588-0489
IL,Chicago,1528 E 55th Street,60615,https://locations.traderjoes.com/il/chicago/706/,773-363-8831
IL,Downers Grove,122 Ogden Ave,60515,https://locations.traderjoes.com/il/downers-grove/683/,630-241-1662
IL,Evanston,1211 Chicago Avenue,60202,https://locations.traderjoes.com/il/evanston/702/,847-733-0690
IL,Glen Ellyn,680 Roosevelt Rd,60137,https://locations.traderjoes.com/il/glen-ellyn/680/,630-858-5077
IL,Glenview,1407 Waukegan Rd,60025,https://locations.traderjoes.com/il/glenview/681/,847-657-7821
IL,La Grange,25 N La Grange Rd,60525,https://locations.traderjoes.com/il/la-grange/685/,708-579-0838
IL,Lake Zurich,735 W Route 22,60047,https://locations.traderjoes.com/il/lake-zurich/684/,847-550-7827
IL,Libertyville,1600 S Milwaukee Ave,60048,https://locations.traderjoes.com/il/libertyville/704/,847-680-1739
IL,Naperville,44 W Gartner Rd,60540,https://locations.traderjoes.com/il/naperville/690/,630-355-4389
IL,Northbrook,127 Skokie Blvd,60062,https://locations.traderjoes.com/il/northbrook/682/,847-480-9280
IL,Oak Park,483 N Harlem Ave,60301,https://locations.traderjoes.com/il/oak-park/697/,708-386-1169
IL,Orland Park,14924 S La Grange Rd,60462,https://locations.traderjoes.com/il/orland-park/686/,708-349-9021
IL,Park Ridge,190 N NW Highway,60068,https://locations.traderjoes.com/il/park-ridge/698/,847-292-1108
IL,Schaumburg,1426 E Golf Rd,60173,https://locations.traderjoes.com/il/schaumburg/705/,847-619-0095
IN,Fort Wayne,4110 W. Jefferson Blvd.,46804,https://locations.traderjoes.com/in/fort-wayne/757/,260-432-5828
IN,Indianapolis,5473 E 82nd St,46250,https://locations.traderjoes.com/in/indianapolis/671/,317-595-8950
IN,Indianapolis,2902 W 86th St,46268,https://locations.traderjoes.com/in/indianapolis/670/,317-337-1880
IN,South Bend,1140 East Howard,46617,https://locations.traderjoes.com/in/south-bend/600/,574-472-8744
KS,Leawood,4201 W 119th St,66209,https://locations.traderjoes.com/ks/leawood/723/,913-327-7209
KS,Wichita,1800 N. Rock Road,67206,https://locations.traderjoes.com/ks/wichita/729/,316-634-1846
KY,Crestview Hills,2780 Dixie Highway,41017,https://locations.traderjoes.com/ky/crestview-hills/788/,859-331-0034
KY,Crestview Hills,2785 Dixie Highway,41017,https://locations.traderjoes.com/ky/crestview-hills/789/,859-331-1472
KY,Lexington,2326 Nicholasville Rd,40503,https://locations.traderjoes.com/ky/lexington/627/,859-313-5030
KY,Lexington,2320 Nicholasville Road,40503,https://locations.traderjoes.com/ky/lexington/626/,859-277-0144
KY,Louisville,4600 Shelbyville Rd Ste 111,40207,https://locations.traderjoes.com/ky/louisville/628/,502-895-1361
KY,Louisville,4600 Shelbyville Rd Ste 112,40207,https://locations.traderjoes.com/ky/louisville/625/,502-895-7872
LA,Baton Rouge,3535 Perkins Rd,70808,https://locations.traderjoes.com/la/baton-rouge/754/,225-382-0588
LA,Metairie,2949 Veterans Blvd,70002,https://locations.traderjoes.com/la/metairie/755/,504-831-0253
MA,Acton,145 Great Rd,01720,https://locations.traderjoes.com/ma/acton/511/,978-266-8908
MA,Allston,199 North Harvard Street,02134,https://locations.traderjoes.com/ma/allston/561/,617-787-1238
MA,Arlington,1427 Massachusetts Ave,02476,https://locations.traderjoes.com/ma/arlington/505/,781-646-9138
MA,Boston,899 Boylston St,02115,https://locations.traderjoes.com/ma/boston/510/,617-262-6505
MA,Boston,44 Thomson Place,02210,https://locations.traderjoes.com/ma/boston/566/,617-941-3714
MA,Brookline,1317 Beacon St,02446,https://locations.traderjoes.com/ma/brookline/501/,617-278-9997
MA,Burlington,51 Middlesex Turnpike,01803,https://locations.traderjoes.com/ma/burlington/515/,781-273-2310
MA,Cambridge,748 Memorial Dr,02139,https://locations.traderjoes.com/ma/cambridge/502/,617-491-8582
MA,Cambridge,211 Alewife Brook Pkwy,02138,https://locations.traderjoes.com/ma/cambridge/517/,617-498-3201
MA,Foxborough,350 Patriot Place,02035,https://locations.traderjoes.com/ma/foxborough/528/,508-543-1978
MA,Framingham,659 Worcester Rd,01701,https://locations.traderjoes.com/ma/framingham/503/,508-935-2931
MA,Hadley,375 Russell St,01035,https://locations.traderjoes.com/ma/hadley/512/,413-587-3260
MA,Hanover,1775 Washington St,02339,https://locations.traderjoes.com/ma/hanover/513/,339-298-1530
MA,Hingham,5 Essington Drive,02043,https://locations.traderjoes.com/ma/hingham/530/,781-740-2038
MA,Hyannis,655 Iyannough Road Rt 132,02601,https://locations.traderjoes.com/ma/hyannis/514/,508-790-3008
MA,Needham,958 Highland Ave,02494,https://locations.traderjoes.com/ma/needham/504/,781-449-6993
MA,Peabody,300 Andover St,01960,https://locations.traderjoes.com/ma/peabody/516/,978-977-5316
MA,Saugus,358 Broadway,01906,https://locations.traderjoes.com/ma/saugus/506/,781-231-0848
MA,Shrewsbury,77 Boston Turnpike,01545,https://locations.traderjoes.com/ma/shrewsbury/508/,508-755-9560
MA,Somerville,145 Middlesex Ave,02145,https://locations.traderjoes.com/ma/somerville/560/,617-591-0124
MA,West Newton,1121 Washington St,02465,https://locations.traderjoes.com/ma/west-newton/509/,617-244-1620
MD,Annapolis,160 F Jennifer Rd,21401,https://locations.traderjoes.com/md/annapolis/650/,410-573-0505
MD,Bethesda,6831 Wisconsin Ave,20815,https://locations.traderjoes.com/md/bethesda/645/,301-907-0982
MD,Bethesda,7900 Wisconsin Ave,20814,https://locations.traderjoes.com/md/bethesda/623/,301-215-7913
MD,College Park,4429 Calvert Road,20740,https://locations.traderjoes.com/md/college-park/758/,301-985-3704
MD,Elkridge,6610 Marie Curie Dr,21075,https://locations.traderjoes.com/md/elkridge/658/,410-953-8139
MD,Pikesville,1809 Reisterstown Rd,21208,https://locations.traderjoes.com/md/pikesville/655/,410-484-8373
MD,Rockville,10076 Darnestown Rd,20850,https://locations.traderjoes.com/md/rockville/648/,301-762-0782
MD,Rockville,12268-H Rockville Pike,20852,https://locations.traderjoes.com/md/rockville/642/,301-468-6656
MD,Silver Spring,10741 Columbia Pike,20901,https://locations.traderjoes.com/md/silver-spring/652/,301-681-1675
MD,Towson,800 Kenilworth Drive,21204,https://locations.traderjoes.com/md/towson/649/,410-321-0276
ME,Portland,87 Marginal Way,04101,https://locations.traderjoes.com/me/portland/519/,207-699-3799
MI,Ann Arbor,2398 East Stadium Blvd,48104,https://locations.traderjoes.com/mi/ann-arbor/678/,734-975-2455
MI,Bloomfield Hills,6536 Telegraph Rd,48301,https://locations.traderjoes.com/mi/bloomfield-hills/675/,248-855-2283
MI,Grosse Pointe,17028 Kercheval Ave,48230,https://locations.traderjoes.com/mi/grosse-pointe/665/,313-640-7794
MI,Kalamazoo,5099 Century Ave,49006,https://locations.traderjoes.com/mi/kalamazoo/708/,269-372-2049
MI,Kentwood,3684 28th St SE,49512,https://locations.traderjoes.com/mi/kentwood/707/,616-977-1819
MI,Northville,18771 Traditions Drive,48167,https://locations.traderjoes.com/mi/northville/667/,248-349-4909
MI,Rochester Hills,3044 Walton Blvd,48309,https://locations.traderjoes.com/mi/rochester-hills/668/,248-375-2190
MI,Royal Oak,27880 Woodward Ave,48067,https://locations.traderjoes.com/mi/royal-oak/674/,248-582-9002
MN,Bloomington,4270 W 78th St,55435,https://locations.traderjoes.com/mn/bloomington/724/,952-835-8640
MN,Eagan,2065 Cliff Road,55122,https://locations.traderjoes.com/mn/eagan/717/,651-362-4841
MN,Maple Grove,12105 Elm Creek Blvd N,55369,https://locations.traderjoes.com/mn/maple-grove/713/,763-315-1739
MN,Minneapolis,721 Washington Ave S,55415,https://locations.traderjoes.com/mn/minneapolis/725/,612-339-2110
MN,Minnetonka,11220 Wayzata Blvd,55305,https://locations.traderjoes.com/mn/minnetonka/714/,952-417-9080
MN,Rochester,1200 16th St SW,55902,https://locations.traderjoes.com/mn/rochester/718/,507-281-4411
MN,Shoreview,1041 Red Fox Rd,55126,https://locations.traderjoes.com/mn/shoreview/727/,651-765-1398
MN,St. Louis Park,4500 Excelsior Blvd,55416,https://locations.traderjoes.com/mn/st.-louis-park/710/,952-285-1053
MN,St. Paul,484 Lexington Pkwy S,55105,https://locations.traderjoes.com/mn/st.-paul/716/,651-698-3119
MN,Woodbury,8960 Hudson Rd. Ste. 801,55125,https://locations.traderjoes.com/mn/woodbury/715/,651-735-0269
MO,Brentwood,48 Brentwood Promenade Court,63144,https://locations.traderjoes.com/mo/brentwood/692/,314-963-0253
MO,Chesterfield,1679 Clarkson Rd,63017,https://locations.traderjoes.com/mo/chesterfield/693/,636-536-7846
MO,Creve Coeur,11505 Olive Blvd,63141,https://locations.traderjoes.com/mo/creve-coeur/694/,314-569-0427
MO,Des Peres,13343 Manchester Rd,63131,https://locations.traderjoes.com/mo/des-peres/695/,314-984-5051
MO,Kansas City,8600 Ward Pkwy,64114,https://locations.traderjoes.com/mo/kansas-city/720/,816-333-5322
NC,Asheville,120 Merrimon Ave,28801,https://locations.traderjoes.com/nc/asheville/740/,828-232-5078
NC,Cary,1393 Kildaire Farm Rd,27511,https://locations.traderjoes.com/nc/cary/741/,919-465-5984
NC,Chapel Hill,1800 E Franklin St,27514,https://locations.traderjoes.com/nc/chapel-hill/745/,919-918-7871
NC,Charlotte,1133 Metropolitan Ave,28204,https://locations.traderjoes.com/nc/charlotte/744/,704-334-0737
NC,Charlotte,1820 E Arbors Dr,28262,https://locations.traderjoes.com/nc/charlotte/743/,704-688-9578
NC,Charlotte,6418 Rea Rd,28277,https://locations.traderjoes.com/nc/charlotte/742/,704-543-5249
NC,Greensboro,3721 Battleground Ave.,27410,https://locations.traderjoes.com/nc/greensboro/750/,336-286-7859
NC,Morrisville,951 Morrisville Parkway,27560,https://locations.traderjoes.com/nc/morrisville/791/,919-460-4449
NC,Raleigh,3000 Wake Forest Rd,27609,https://locations.traderjoes.com/nc/raleigh/746/,919-981-7422
NC,Wilmington,1437 S College Rd,28403,https://locations.traderjoes.com/nc/wilmington/747/,910-395-5173
NC,Winston Salem,252 South Stratford Road,27103,https://locations.traderjoes.com/nc/winston-salem/749/,336-721-1744
NE,Lincoln,3120 Pine Lake Rd,68516,https://locations.traderjoes.com/ne/lincoln/722/,402-328-0120
NE,Omaha,10305 Pacific St,68114,https://locations.traderjoes.com/ne/omaha/719/,402-391-3698
NH,Bedford,2 Market Street,03110,https://locations.traderjoes.com/nh/bedford/562/,603-222-3074
NH,Nashua,262 Daniel Webster HWY,03060,https://locations.traderjoes.com/nh/nashua/507/,603-888-5460
NH,Portsmouth,45 Gosling Rd,03801,https://locations.traderjoes.com/nh/portsmouth/520/,603-431-2654
NJ,Brick,110 Brick Plaza,08723,https://locations.traderjoes.com/nj/brick/615/,732-477-4781
NJ,Bridgewater,315 Promenade Blvd,08807,https://locations.traderjoes.com/nj/bridgewater/614/,732-805-0268
NJ,Cherry Hill,775 Haddonfield Rd,08002,https://locations.traderjoes.com/nj/cherry-hill/613/,856-488-0801
NJ,Clifton,259 Allwood Road,07012,https://locations.traderjoes.com/nj/clifton/610/,973-777-5020
NJ,Denville,3056 State Route 10 West,07834,https://locations.traderjoes.com/nj/denville/617/,973-537-3672
NJ,Edgewater,715 River Rd,07020,https://locations.traderjoes.com/nj/edgewater/606/,201-945-5932
NJ,Florham Park,176 Columbia Turnpike,07932,https://locations.traderjoes.com/nj/florham-park/604/,973-377-0679
NJ,Freehold,4331 Route 9 Unit 3,07728,https://locations.traderjoes.com/nj/freehold/590/,732-462-1539
NJ,Hoboken,1350 Willow Ave.,07030,https://locations.traderjoes.com/nj/hoboken/611/,201-714-4790
NJ,Marlton,300 P Route 73 S,08053,https://locations.traderjoes.com/nj/marlton/631/,856-988-3323
NJ,Middletown Township,1425 NJ-35,07748,https://locations.traderjoes.com/nj/middletown-township/591/,07748
NJ,Millburn,187 Millburn Ave,07041,https://locations.traderjoes.com/nj/millburn/609/,973-218-0912
NJ,North Brunswick,869 US-1,08902,https://locations.traderjoes.com/nj/north-brunswick/612/,732-993-1403
NJ,Paramus,404 Rt 17 N,07652,https://locations.traderjoes.com/nj/paramus/605/,201-265-9624
NJ,Princeton,3528 Brunswick Pike,08540,https://locations.traderjoes.com/nj/princeton/607/,609-897-0581
NJ,Shrewsbury,1031 Broad St,07702,https://locations.traderjoes.com/nj/shrewsbury/608/,732-389-2535
NJ,Wayne,910 Hamburg Turnpike,07470,https://locations.traderjoes.com/nj/wayne/603/,973-872-4604
NJ,Westfield,155 Elm St,07090,https://locations.traderjoes.com/nj/westfield/601/,908-301-0910
NJ,Westwood,20 Irvington St,07675,https://locations.traderjoes.com/nj/westwood/602/,201-263-0134
NM,Albuquerque,8928 Holly Ave NE,87122,https://locations.traderjoes.com/nm/albuquerque/166/,505-796-0311
NM,Albuquerque,2200 Uptown Loop NE,87110,https://locations.traderjoes.com/nm/albuquerque/167/,505-883-3662
NM,Santa Fe,530 W Cordova Rd,87505,https://locations.traderjoes.com/nm/santa-fe/165/,505-995-8145
NV,Carson City,3790 US Hwy 395 S,89705,https://locations.traderjoes.com/nv/carson-city/281/,775-267-2486
NV,Henderson,10345 S Eastern Ave,89052,https://locations.traderjoes.com/nv/henderson/280/,702-407-8673
NV,Henderson,2716 N Green Valley Pkwy,89014,https://locations.traderjoes.com/nv/henderson/97/,702-433-6773
NV,Las Vegas,5639 Centennial Ctr Blvd,89149,https://locations.traderjoes.com/nv/las-vegas/98/,702-396-3372
NV,Las Vegas,2315 Summa Dr Ste 100,89135,https://locations.traderjoes.com/nv/las-vegas/284/,702-242-0597
NV,Las Vegas,7575 W Washington,89128,https://locations.traderjoes.com/nv/las-vegas/86/,702-242-8240
NV,Reno,5035 S McCarran Blvd,89502,https://locations.traderjoes.com/nv/reno/82/,775-826-1621
NY,Brooklyn,130 Court St,11201,https://locations.traderjoes.com/ny/brooklyn/558/,718-246-8460
NY,Brooklyn,445 Gold St,11201,https://locations.traderjoes.com/ny/brooklyn/547/,718-243-0107
NY,Brooklyn,200 Kent Ave,11249,https://locations.traderjoes.com/ny/brooklyn/548/,718-218-7315
NY,Buffalo,1565 Niagara Falls Blvd,14228,https://locations.traderjoes.com/ny/buffalo/536/,716-833-4687
NY,Colonie,79 Wolf Rd,12205,https://locations.traderjoes.com/ny/colonie/535/,518-482-4538
NY,Commack,5900 Jericho Turnpike,11725,https://locations.traderjoes.com/ny/commack/551/,631-499-0898
NY,Garden City,910 Old Country Rd,11530,https://locations.traderjoes.com/ny/garden-city/550/,516-794-0174
NY,Halfmoon,3 Halfmoon Crossing Blvd,12065,https://locations.traderjoes.com/ny/halfmoon/574/,518-383-5015
NY,Hartsdale,215 N Central Ave,10530,https://locations.traderjoes.com/ny/hartsdale/533/,914-997-1960
NY,Hewlett,1280 West Broadway,11557,https://locations.traderjoes.com/ny/hewlett/554/,516-569-7191
NY,Ithaca,744 S Meadow Street,14850,https://locations.traderjoes.com/ny/ithaca/568/,607-272-1420
NY,Lake Grove,2085 Smith Haven Plaza,11755,https://locations.traderjoes.com/ny/lake-grove/556/,631-366-2094
NY,Larchmont,1260 Boston Post Rd,10538,https://locations.traderjoes.com/ny/larchmont/532/,914-833-9112
NY,Merrick,1714 Merrick Rd,11566,https://locations.traderjoes.com/ny/merrick/553/,516-771-1012
NY,New York,2073 Broadway,10023,https://locations.traderjoes.com/ny/new-york/542/,212-799-0028
NY,New York,675 6th Ave,10010,https://locations.traderjoes.com/ny/new-york/543/,212-255-2106
NY,New York,436 East 14th St,10009,https://locations.traderjoes.com/ny/new-york/546/,212-777-9412
NY,New York,400 Grand St. (Cellar),10002,https://locations.traderjoes.com/ny/new-york/538/,212-477-8340
NY,New York,200 E 32nd St,10016,https://locations.traderjoes.com/ny/new-york/544/,212-889-3279
NY,New York,233 Spring Street,10013,https://locations.traderjoes.com/ny/new-york/539/,212-691-2721
NY,New York,142 E 14th St,10003,https://locations.traderjoes.com/ny/new-york/540/,212-529-4612
NY,New York,405 E. 59th Street,10022,https://locations.traderjoes.com/ny/new-york/571/,212-935-3870
NY,New York,670 Columbus Ave,10025,https://locations.traderjoes.com/ny/new-york/545/,212-678-1680
NY,Oceanside,3418 Long Beach Rd,11572,https://locations.traderjoes.com/ny/oceanside/552/,516-536-9163
NY,Plainview,425 S Oyster Bay Rd,11803,https://locations.traderjoes.com/ny/plainview/555/,516-933-6900
NY,Queens,69-65 Yellowstone Blvd,11375,https://locations.traderjoes.com/ny/queens/578/,718-544-8589
NY,Queens,22-43 Jackson Ave,11101,https://locations.traderjoes.com/ny/queens/565/,718-472-2672
NY,Queens,9030 Metropolitan Ave,11374,https://locations.traderjoes.com/ny/queens/557/,718-275-1791
NY,Rochester,3349 Monroe Ave,14618,https://locations.traderjoes.com/ny/rochester/534/,585-248-5011
NY,Scarsdale,727 White Plains Rd,10583,https://locations.traderjoes.com/ny/scarsdale/531/,914-472-2988
NY,Staten Island,2385 Richmond Ave,10314,https://locations.traderjoes.com/ny/staten-island/559/,718-370-1085
NY,Syracuse,3422 Erie Blvd E,13214,https://locations.traderjoes.com/ny/syracuse/537/,315-446-1629
NY,Yorktown,3240 Crompond Road,10598,https://locations.traderjoes.com/ny/yorktown/567/,914-737-1460
OH,Cincinnati,7788 Montgomery Rd,45236,https://locations.traderjoes.com/oh/cincinnati/669/,513-984-3452
OH,Columbus,3888 Townsfair Way,43219,https://locations.traderjoes.com/oh/columbus/679/,614-473-0794
OH,Dublin,6355 Sawmill Rd,43017,https://locations.traderjoes.com/oh/dublin/672/,614-793-8505
OH,Kettering,328 East Stroop Rd,45429,https://locations.traderjoes.com/oh/kettering/673/,937-294-5411
OH,Mentor,9474 Mentor Ave,44060,https://locations.traderjoes.com/oh/mentor/709/,440-350-7216
OH,Westlake,175 Market St,44145,https://locations.traderjoes.com/oh/westlake/677/,440-250-1592
OH,Woodmere,28425 Chagrin Blvd,44122,https://locations.traderjoes.com/oh/woodmere/676/,216-591-9457
OK,Nichols Hills,6409 Avondale Dr,73116,https://locations.traderjoes.com/ok/nichols-hills/461/,405-843-5655
OK,Tulsa,3702 S Peoria Ave,74105,https://locations.traderjoes.com/ok/tulsa/460/,918-712-9768
OR,Beaverton,11753 SW Beaverton Hillsdale Hwy,97005,https://locations.traderjoes.com/or/beaverton/141/,503-626-3794
OR,Bend,63455 N Hwy 97,97701,https://locations.traderjoes.com/or/bend/150/,541-312-4198
OR,Clackamas,9345 SE 82nd Ave,97086,https://locations.traderjoes.com/or/clackamas/152/,503-771-6300
OR,Corvallis,1550 NW 9th St,97330,https://locations.traderjoes.com/or/corvallis/154/,541-753-0048
OR,Eugene,85 Oakway Center,97401,https://locations.traderjoes.com/or/eugene/145/,541-485-1744
OR,Hillsboro,2285 NW 185th Ave,97124,https://locations.traderjoes.com/or/hillsboro/149/,503-645-8321
OR,Lake Oswego,15391 SW Bangy Rd,97035,https://locations.traderjoes.com/or/lake-oswego/142/,503-639-3238
OR,Medford,55 Rossanley Dr,97501,https://locations.traderjoes.com/or/medford/155/,541-608-4993
OR,Portland,4121 NE Halsey St,97232,https://locations.traderjoes.com/or/portland/144/,503-284-4232
OR,Portland,2122 NW Glisan St,97210,https://locations.traderjoes.com/or/portland/146/,971-544-0788
OR,Portland,4715 SE Cesar Chavez Blvd,97202,https://locations.traderjoes.com/or/portland/143/,503-777-1601
OR,Portland,7215 SW Garden Home Road,97223,https://locations.traderjoes.com/or/portland/168/,503-244-4625
OR,Salem,4450 Commercial St SE,97302,https://locations.traderjoes.com/or/salem/153/,503-378-9042
OR,Tigard,16200 SW Pacific Hwy,97224,https://locations.traderjoes.com/or/tigard/169/,503-443-6713
PA,Ardmore,112 Coulter Ave,19003,https://locations.traderjoes.com/pa/ardmore/635/,610-658-0645
PA,Camp Hill,3545 Gettysburg Road,17011,https://locations.traderjoes.com/pa/camp-hill/569/,7177306025
PA,Jenkintown,933 Old York Rd,19046,https://locations.traderjoes.com/pa/jenkintown/633/,215-885-5240
PA,Media,12 E State St,19063,https://locations.traderjoes.com/pa/media/637/,610-891-2752
PA,North Wales,1460 Bethlehem Pike,19454,https://locations.traderjoes.com/pa/north-wales/639/,215-646-5870
PA,Philadelphia,1324 Arch St.,19107,https://locations.traderjoes.com/pa/philadelphia/618/,215-563-2170
PA,Philadelphia,2121 Market St,19103,https://locations.traderjoes.com/pa/philadelphia/634/,215-569-9282
PA,Pittsburgh,6343 Penn Ave,15206,https://locations.traderjoes.com/pa/pittsburgh/638/,412-363-5748
PA,Pittsburgh,9020 Covenant Ave,15237,https://locations.traderjoes.com/pa/pittsburgh/624/,412-366-1131
PA,Pittsburgh,1630 Washington Rd,15241,https://locations.traderjoes.com/pa/pittsburgh/630/,412-835-2212
PA,State College,243 Patriot Lane,16803,https://locations.traderjoes.com/pa/state-college/629/,814-234-2224
PA,Wayne,171 E Swedesford Rd,19087,https://locations.traderjoes.com/pa/wayne/632/,610-225-0925
RI,Providence,425 S Main St,02903,https://locations.traderjoes.com/ri/providence/572/,401-459-4090
RI,Warwick,1000 Bald Hill Rd,02886,https://locations.traderjoes.com/ri/warwick/518/,401-821-5368
SC,Columbia,4516 Forest Drive,29206,https://locations.traderjoes.com/sc/columbia/753/,803-790-2404
SC,Greenville,59 Woodruff Industrial Ln,29607,https://locations.traderjoes.com/sc/greenville/751/,864-286-0231
SC,Mt. Pleasant,401 Johnnie Dodds Blvd,29464,https://locations.traderjoes.com/sc/mt.-pleasant/752/,843-884-4037
TN,Chattanooga,2111 Gunbarrel Road,37421,https://locations.traderjoes.com/tn/chattanooga/787/,423-855-1310
TN,Franklin,545 Cool Springs Blvd,37067,https://locations.traderjoes.com/tn/franklin/792/,615-771-3697
TN,Germantown,2130 Exeter Rd.,38138,https://locations.traderjoes.com/tn/germantown/738/,901-759-2803
TN,Knoxville,8001 Kingston Pike,37919,https://locations.traderjoes.com/tn/knoxville/663/,865-670-4088
TN,Nashville,90 White Bridge Rd,37205,https://locations.traderjoes.com/tn/nashville/739/,615-356-1066
TN,Nashville,3909 Hillsboro Pike,37215,https://locations.traderjoes.com/tn/nashville/664/,615-297-6560
TX,Austin,9722 Great Hills Trail,78759,https://locations.traderjoes.com/tx/austin/454/,512-241-1248
TX,Austin,2805 Bee Cave Rd,78746,https://locations.traderjoes.com/tx/austin/453/,512-306-1032
TX,Austin,211 Walter Seaholm DrSte 100,78701,https://locations.traderjoes.com/tx/austin/452/,512-474-2263
TX,Dallas,14856 Preston Rd,75254,https://locations.traderjoes.com/tx/dallas/407/,972-239-3901
TX,Dallas,4525 Cole Ave,75205,https://locations.traderjoes.com/tx/dallas/400/,214-599-2155
TX,Dallas,2001 Greenville Ave,75206,https://locations.traderjoes.com/tx/dallas/403/,469-334-0614
TX,Dallas,7939 Walnut Hill Lane,75230,https://locations.traderjoes.com/tx/dallas/401/,214-346-6579
TX,Dallas,5550 W Lovers Lane,75209,https://locations.traderjoes.com/tx/dallas/405/,214-366-0205
TX,Fort Worth,2701 S Hulen St,76109,https://locations.traderjoes.com/tx/fort-worth/404/,817-922-9107
TX,Houston,2922 S Shepherd Drive,77098,https://locations.traderjoes.com/tx/houston/426/,713-526-4034
TX,Houston,1440 South Voss Road,77057,https://locations.traderjoes.com/tx/houston/427/,713-266-2377
TX,Houston,11683 Westheimer Rd,77077,https://locations.traderjoes.com/tx/houston/431/,281-496-2488
TX,Katy,2717 Commercial Center Blvd,77494,https://locations.traderjoes.com/tx/katy/429/,281-392-4200
TX,McKinney,2851 Craig Dr Ste 100,75070,https://locations.traderjoes.com/tx/mckinney/408/,214-491-1893
TX,Plano,2400 Preston Rd,75093,https://locations.traderjoes.com/tx/plano/402/,972-312-9538
TX,San Antonio,350 East Basse Road,78209,https://locations.traderjoes.com/tx/san-antonio/451/,210-826-1110
TX,San Antonio,403 N Loop 1604 W,78232,https://locations.traderjoes.com/tx/san-antonio/455/,210-545-3123
TX,Southlake,1492 E Southlake Blvd,76092,https://locations.traderjoes.com/tx/southlake/406/,817-251-0360
TX,The Woodlands,10868 Kuykendahl Road,77381,https://locations.traderjoes.com/tx/the-woodlands/428/,281-465-0254
UT,Cottonwood Heights,6989 S 1300 E,84047,https://locations.traderjoes.com/ut/cottonwood-heights/351/,801-562-3024
UT,Draper,11477 S. State St.,84020,https://locations.traderjoes.com/ut/draper/353/,801-571-0987
UT,Orem,440 East Park Avenue,84097,https://locations.traderjoes.com/ut/orem/352/,801-224-1453
UT,Salt Lake City,634 East 400 South,84102,https://locations.traderjoes.com/ut/salt-lake-city/350/,801-359-2462
VA,Alexandria,612 N Saint Asaph St,22314,https://locations.traderjoes.com/va/alexandria/647/,703-548-0611
VA,Arlington,1109 N Highland St,22201,https://locations.traderjoes.com/va/arlington/640/,703-351-8015
VA,Ashburn,44755 Brimfield Dr,20147,https://locations.traderjoes.com/va/ashburn/619/,703-858-5993
VA,Bailey's Crossroads,5847 Leesburg Pike,22041,https://locations.traderjoes.com/va/bailey-s-crossroads/644/,703-379-5883
VA,Centreville,14100 Lee Hwy,20120,https://locations.traderjoes.com/va/centreville/654/,703-815-0697
VA,Charlottesville,2025 Bond St.,22901,https://locations.traderjoes.com/va/charlottesville/661/,434-974-1466
VA,Fairfax,9464 Main St,22031,https://locations.traderjoes.com/va/fairfax/643/,703-764-8550
VA,Falls Church,7514 Leesburg Turnpike,22043,https://locations.traderjoes.com/va/falls-church/641/,703-288-0566
VA,Glen Allen,11331 W Broad St,23060,https://locations.traderjoes.com/va/glen-allen/659/,804-360-4098
VA,Newport News,12551 Jefferson Ave,23602,https://locations.traderjoes.com/va/newport-news/656/,757-890-0235
VA,Reston,11958 Killingsworth Ave,20194,https://locations.traderjoes.com/va/reston/646/,703-689-0865
VA,Richmond,3000 Stony Point Rd,23235,https://locations.traderjoes.com/va/richmond/786/,804-323-4292
VA,Springfield,6394 Springfield Plaza,22150,https://locations.traderjoes.com/va/springfield/651/,703-569-9301
VA,Virginia Beach,503 Hilltop Plaza,23454,https://locations.traderjoes.com/va/virginia-beach/660/,757-422-4840
VA,Williamsburg,5000 Settlers Market Blvd,23188,https://locations.traderjoes.com/va/williamsburg/657/,757-259-2135
VT,South Burlington,200 Dorset St,05403,https://locations.traderjoes.com/vt/south-burlington/527/,802-658-4500
WA,Bellevue,15563 NE 24th St,98007,https://locations.traderjoes.com/wa/bellevue/131/,425-641-5069
WA,Bellevue,416 116th Ave NE,98004,https://locations.traderjoes.com/wa/bellevue/162/,425-454-9799
WA,Bellingham,2410 James St,98225,https://locations.traderjoes.com/wa/bellingham/151/,360-734-5166
WA,Burien,15868 1st Ave S,98148,https://locations.traderjoes.com/wa/burien/133/,206-901-9339
WA,Everett,811 SE Everett Mall Way,98208,https://locations.traderjoes.com/wa/everett/139/,425-513-2210
WA,Federal Way,1758 S 320th St,98003,https://locations.traderjoes.com/wa/federal-way/134/,253-941-6138
WA,Issaquah,975 NW Gilman Blvd,98027,https://locations.traderjoes.com/wa/issaquah/138/,425-557-6420
WA,Kent,12966 SE Kent-Kangley Rd,98030,https://locations.traderjoes.com/wa/kent/163/,253-639-3419
WA,Kirkland,12520 Totem Lake Blvd NE,98034,https://locations.traderjoes.com/wa/kirkland/132/,425-814-9181
WA,Lynnwood,19715 Highway 99,98036,https://locations.traderjoes.com/wa/lynnwood/129/,425-670-0623
WA,Olympia,1530 Black Lake Blvd SW,98502,https://locations.traderjoes.com/wa/olympia/156/,360-352-7440
WA,Redmond,15932 Redmond Way,98052,https://locations.traderjoes.com/wa/redmond/140/,425-883-1624
WA,Sammamish,490 228th Ave NE,98074,https://locations.traderjoes.com/wa/sammamish/160/,425-836-0837
WA,Seattle,4609 14th Ave NW,98107,https://locations.traderjoes.com/wa/seattle/147/,206-783-0498
WA,Seattle,1700 Madison St,98122,https://locations.traderjoes.com/wa/seattle/130/,206-322-7268
WA,Seattle,1916 Queen Anne Ave N,98109,https://locations.traderjoes.com/wa/seattle/135/,206-284-2546
WA,Seattle,4555 Roosevelt Way NE,98105,https://locations.traderjoes.com/wa/seattle/137/,206-547-6299
WA,Seattle,4545 Fauntleroy Way SW,98116,https://locations.traderjoes.com/wa/seattle/157/,206-913-0013
WA,Shoreline,1201 N 175th St,98133,https://locations.traderjoes.com/wa/shoreline/270/,206-542-5336
WA,Silverdale,9991 Mickelberry Rd,98383,https://locations.traderjoes.com/wa/silverdale/158/,360-307-7224
WA,Spokane,2975 East 29th Ave,99223,https://locations.traderjoes.com/wa/spokane/159/,509-534-1077
WA,Spokane,5520 N Division St,99208,https://locations.traderjoes.com/wa/spokane/164/,509-487-4188
WA,University Place,3800 Bridgeport Way W,98466,https://locations.traderjoes.com/wa/university-place/148/,253-460-2672
WA,Vancouver,305 SE Chkalov Dr,98683,https://locations.traderjoes.com/wa/vancouver/136/,360-883-9000
WI,Brookfield,12665 W. Bluemound Rd,53005,https://locations.traderjoes.com/wi/brookfield/726/,262-784-4806
WI,Madison,1810 Monroe St,53711,https://locations.traderjoes.com/wi/madison/712/,608-257-1916
WI,Milwaukee,5600 N Port Washington Rd,53217,https://locations.traderjoes.com/wi/milwaukee/711/,414-962-3382
